id,timestamp,roll,pitch,yaw
1,1713339252090,0.0,0.0,0.0
2,1713339252100,0.0,9.77630996704102,0.812349021434784
3,1713339252927,0.0,0.0,0.0
4,1713339252929,0.0,9.77630996704102,0.812349021434784
5,1713339252933,0.0,0.0,0.0
6,1713339252937,0.0,0.0,0.0
7,1713339252934,0.0,9.77630996704102,0.812349021434784
8,1713339252949,0.0,9.77630996704102,0.812349021434784
9,1713339252952,0.0,9.77630996704102,0.812349021434784
10,1713339252949,0.0,0.0,0.0
11,1713339252967,0.0,0.0,0.0
12,1713339252968,0.0,9.77630996704102,0.812349021434784
13,1713339253403,0.0,0.0,0.0
14,1713339253406,0.0,9.77630996704102,0.812349021434784
15,1713339253413,0.0,0.0,0.0
16,1713339253415,0.0,9.77630996704102,0.812349021434784
17,1713339253686,0.0,0.0,0.0
18,1713339253695,0.0,9.77630996704102,0.812349021434784
19,1713339253773,0.0,0.0,0.0
20,1713339253773,0.0,9.77630996704102,0.812349021434784
21,1713339253959,0.0,0.0,0.0
22,1713339253960,0.0,9.77630996704102,0.812349021434784
23,1713339254159,0.0,0.0,0.0
24,1713339254160,0.0,9.77630996704102,0.812349021434784
25,1713339254363,0.0,0.0,0.0
26,1713339254366,0.0,9.77630996704102,0.812349021434784
27,1713339254566,0.0,0.0,0.0
28,1713339254568,0.0,9.77630996704102,0.812349021434784
29,1713339254763,0.0,0.0,0.0
30,1713339254763,0.0,9.77630996704102,0.812349021434784
31,1713339254964,0.0,0.0,0.0
32,1713339254965,0.0,9.77630996704102,0.812349021434784
33,1713339255165,0.0,0.0,0.0
34,1713339255166,0.0,9.77630996704102,0.812349021434784
35,1713339255366,0.0,0.0,0.0
36,1713339255368,0.0,9.77630996704102,0.812349021434784
37,1713339255568,0.0,0.0,0.0
38,1713339255569,0.0,9.77630996704102,0.812349021434784
39,1713339255766,0.0,0.0,0.0
40,1713339255768,0.0,9.77630996704102,0.812349021434784
41,1713339255965,0.0,0.0,0.0
42,1713339255966,0.0,9.77630996704102,0.812349021434784
43,1713339256167,0.0,9.77630996704102,0.812349021434784
44,1713339256166,0.0,0.0,0.0
45,1713339256366,0.0,0.0,0.0
46,1713339256367,0.0,9.77630996704102,0.812349021434784
47,1713339256568,0.0,0.0,0.0
48,1713339256569,0.0,9.77630996704102,0.812349021434784
49,1713339256768,0.0,0.0,0.0
50,1713339256769,0.0,9.77630996704102,0.812349021434784
51,1713339256970,0.0,0.0,0.0
52,1713339256972,0.0,9.77630996704102,0.812349021434784
53,1713339257170,0.0,0.0,0.0
54,1713339257171,0.0,9.77630996704102,0.812349021434784
55,1713339257370,0.0,0.0,0.0
56,1713339257370,0.0,9.77630996704102,0.812349021434784
57,1713339257571,0.0,0.0,0.0
58,1713339257572,0.0,9.77630996704102,0.812349021434784
59,1713339257772,0.0,0.0,0.0
60,1713339257772,0.0,9.77630996704102,0.812349021434784
61,1713339257972,0.0,0.0,0.0
62,1713339257973,0.0,9.77630996704102,0.812349021434784
63,1713339258173,0.0,0.0,0.0
64,1713339258174,0.0,9.77630996704102,0.812349021434784
65,1713339258374,0.0,9.77630996704102,0.812349021434784
66,1713339258373,0.0,0.0,0.0
67,1713339258576,0.0,0.0,0.0
68,1713339258577,0.0,9.77630996704102,0.812349021434784
69,1713339258777,0.0,0.0,0.0
70,1713339258778,0.0,9.77630996704102,0.812349021434784
71,1713339258976,0.0,0.0,0.0
72,1713339258977,0.0,9.77630996704102,0.812349021434784
73,1713339259178,0.0,0.0,0.0
74,1713339259179,0.0,9.77630996704102,0.812349021434784
75,1713339259378,0.0,0.0,0.0
76,1713339259380,0.0,9.77630996704102,0.812349021434784
77,1713339259580,0.0,0.0,0.0
78,1713339259582,0.0,9.77630996704102,0.812349021434784
79,1713339259779,0.0,0.0,0.0
80,1713339259780,0.0,9.77630996704102,0.812349021434784
81,1713339259982,0.0,0.0,0.0
82,1713339259984,0.0,9.77630996704102,0.812349021434784
83,1713339260183,0.0,0.0,0.0
84,1713339260185,0.0,9.77630996704102,0.812349021434784
85,1713339260381,0.0,0.0,0.0
86,1713339260382,0.0,9.77630996704102,0.812349021434784
87,1713339260582,0.0,0.0,0.0
88,1713339260582,0.0,9.77630996704102,0.812349021434784
89,1713339260784,0.0,0.0,0.0
90,1713339260785,0.0,9.77630996704102,0.812349021434784
91,1713339260985,0.0,0.0,0.0
92,1713339260987,0.0,9.77630996704102,0.812349021434784
93,1713339261186,0.0,0.0,0.0
94,1713339261189,0.0,9.77630996704102,0.812349021434784
95,1713339261388,0.0,0.0,0.0
96,1713339261390,0.0,9.77630996704102,0.812349021434784
97,1713339261588,0.0,0.0,0.0
98,1713339261590,0.0,9.77630996704102,0.812349021434784
99,1713339261786,0.0,0.0,0.0
100,1713339261787,0.0,9.77630996704102,0.812349021434784
101,1713339261988,0.0,0.0,0.0
102,1713339261989,0.0,9.77630996704102,0.812349021434784
103,1713339262189,0.0,9.77630996704102,0.812349021434784
104,1713339262188,0.0,0.0,0.0
105,1713339262390,0.0,9.77630996704102,0.812349021434784
106,1713339262389,0.0,0.0,0.0
107,1713339262589,0.0,0.0,0.0
108,1713339262590,0.0,9.77630996704102,0.812349021434784
109,1713339262789,0.0,0.0,0.0
110,1713339262791,0.0,9.77630996704102,0.812349021434784
111,1713339262990,0.0,0.0,0.0
112,1713339262992,0.0,9.77630996704102,0.812349021434784
113,1713339263191,0.0,0.0,0.0
114,1713339263193,0.0,9.77630996704102,0.812349021434784
115,1713339263392,0.0,0.0,0.0
116,1713339263398,0.0,9.77630996704102,0.812349021434784
117,1713339263595,0.0,0.0,0.0
118,1713339263597,0.0,9.77630996704102,0.812349021434784
119,1713339263792,0.0,0.0,0.0
120,1713339263793,0.0,9.77630996704102,0.812349021434784
121,1713339263999,0.0,0.0,0.0
122,1713339264004,0.0,9.77630996704102,0.812349021434784
123,1713339264193,0.0,0.0,0.0
124,1713339264194,0.0,9.77630996704102,0.812349021434784
125,1713339264397,0.0,0.0,0.0
126,1713339264398,0.0,9.77630996704102,0.812349021434784
127,1713339264599,0.0,0.0,0.0
128,1713339264600,0.0,9.77630996704102,0.812349021434784
129,1713339264798,0.0,0.0,0.0
130,1713339264798,0.0,9.77630996704102,0.812349021434784
131,1713339264999,0.0,0.0,0.0
132,1713339265000,0.0,9.77630996704102,0.812349021434784
133,1713339265200,0.0,0.0,0.0
134,1713339265202,0.0,9.77630996704102,0.812349021434784
135,1713339265402,0.0,0.0,0.0
136,1713339265404,0.0,9.77630996704102,0.812349021434784
137,1713339265603,0.0,0.0,0.0
138,1713339265605,0.0,9.77630996704102,0.812349021434784
139,1713339265802,0.0,0.0,0.0
140,1713339265803,0.0,9.77630996704102,0.812349021434784
141,1713339266001,0.0,0.0,0.0
142,1713339266002,0.0,9.77630996704102,0.812349021434784
143,1713339266205,0.0,0.0,0.0
144,1713339266206,0.0,9.77630996704102,0.812349021434784
145,1713339266404,0.0,0.0,0.0
146,1713339266404,0.0,9.77630996704102,0.812349021434784
147,1713339266604,0.0,0.0,0.0
148,1713339266604,0.0,9.77630996704102,0.812349021434784
149,1713339266807,0.0,0.0,0.0
150,1713339266808,0.0,9.77630996704102,0.812349021434784
151,1713339267009,0.0,0.0,0.0
152,1713339267010,0.0,9.77630996704102,0.812349021434784
153,1713339267209,0.0,0.0,0.0
154,1713339267210,0.0,9.77630996704102,0.812349021434784
155,1713339267409,0.0,0.0,0.0
156,1713339267410,0.0,9.77630996704102,0.812349021434784
157,1713339267609,0.0,0.0,0.0
158,1713339267611,0.0,9.77630996704102,0.812349021434784
159,1713339267808,0.0,0.0,0.0
160,1713339267808,0.0,9.77630996704102,0.812349021434784
161,1713339268009,0.0,0.0,0.0
162,1713339268011,0.0,9.77630996704102,0.812349021434784
163,1713339268211,0.0,0.0,0.0
164,1713339268213,0.0,9.77630996704102,0.812349021434784
165,1713339268412,0.0,0.0,0.0
166,1713339268414,0.0,9.77630996704102,0.812349021434784
167,1713339268613,0.0,0.0,0.0
168,1713339268615,0.0,9.77630996704102,0.812349021434784
169,1713339268814,0.0,0.0,0.0
170,1713339268816,0.0,9.77630996704102,0.812349021434784
171,1713339269016,0.0,0.0,0.0
172,1713339269017,0.0,9.77630996704102,0.812349021434784
173,1713339269214,0.0,0.0,0.0
174,1713339269215,0.0,9.77630996704102,0.812349021434784
175,1713339269417,0.0,9.77630996704102,0.812349021434784
176,1713339269416,0.0,0.0,0.0
177,1713339269616,0.0,0.0,0.0
178,1713339269617,0.0,9.77630996704102,0.812349021434784
179,1713339269816,0.0,0.0,0.0
180,1713339269816,0.0,9.77630996704102,0.812349021434784
181,1713339270016,0.0,0.0,0.0
182,1713339270017,0.0,9.77630996704102,0.812349021434784
183,1713339270217,0.0,0.0,0.0
184,1713339270218,0.0,9.77630996704102,0.812349021434784
185,1713339270415,0.0,0.0,0.0
186,1713339270415,0.0,9.77630996704102,0.812349021434784
187,1713339270619,0.0,0.0,0.0
188,1713339270620,0.0,9.77630996704102,0.812349021434784
189,1713339270834,0.0,0.0,0.0
190,1713339270835,0.0,9.77630996704102,0.812349021434784
191,1713339271034,0.0,0.0,0.0
192,1713339271035,0.0,9.77630996704102,0.812349021434784
193,1713339271234,0.0,9.77630996704102,0.812349021434784
194,1713339271233,0.0,0.0,0.0
195,1713339271433,0.0,0.0,0.0
196,1713339271434,0.0,9.77630996704102,0.812349021434784
197,1713339271636,0.0,0.0,0.0
198,1713339271637,0.0,9.77630996704102,0.812349021434784
199,1713339271834,0.0,0.0,0.0
200,1713339271836,0.0,9.77630996704102,0.812349021434784
201,1713339272037,0.0,0.0,0.0
202,1713339272038,0.0,9.77630996704102,0.812349021434784
203,1713339272237,0.0,0.0,0.0
204,1713339272238,0.0,9.77630996704102,0.812349021434784
205,1713339272438,0.0,9.77630996704102,0.812349021434784
206,1713339272437,0.0,0.0,0.0
207,1713339272638,0.0,0.0,0.0
208,1713339272640,0.0,9.77630996704102,0.812349021434784
209,1713339272838,0.0,0.0,0.0
210,1713339272840,0.0,9.77630996704102,0.812349021434784
211,1713339273040,0.0,0.0,0.0
212,1713339273042,0.0,9.77630996704102,0.812349021434784
213,1713339273242,0.0,9.77630996704102,0.812349021434784
214,1713339273241,0.0,0.0,0.0
215,1713339273438,0.0,0.0,0.0
216,1713339273439,0.0,9.77630996704102,0.812349021434784
217,1713339273641,0.0,0.0,0.0
218,1713339273641,0.0,9.77630996704102,0.812349021434784
219,1713339273840,0.0,0.0,0.0
220,1713339273840,0.0,9.77630996704102,0.812349021434784
221,1713339274041,0.0,0.0,0.0
222,1713339274043,0.0,9.77630996704102,0.812349021434784
223,1713339274240,0.0,0.0,0.0
224,1713339274241,0.0,9.77630996704102,0.812349021434784
225,1713339274440,0.0,9.77630996704102,0.812349021434784
226,1713339274440,0.0,0.0,0.0
227,1713339274643,0.0,0.0,0.0
228,1713339274646,0.0,9.77630996704102,0.812349021434784
229,1713339274843,0.0,0.0,0.0
230,1713339274844,0.0,9.77630996704102,0.812349021434784
231,1713339275044,0.0,0.0,0.0
232,1713339275045,0.0,9.77630996704102,0.812349021434784
233,1713339275244,0.0,0.0,0.0
234,1713339275245,0.0,9.77630996704102,0.812349021434784
235,1713339275443,0.0,0.0,0.0
236,1713339275444,0.0,9.77630996704102,0.812349021434784
237,1713339275643,0.0,0.0,0.0
238,1713339275644,0.0,9.77630996704102,0.812349021434784
239,1713339275841,0.0,0.0,0.0
240,1713339275841,0.0,9.77630996704102,0.812349021434784
241,1713339276043,0.0,0.0,0.0
242,1713339276043,0.0,9.77630996704102,0.812349021434784
243,1713339276245,0.0,0.0,0.0
244,1713339276246,0.0,9.77630996704102,0.812349021434784
245,1713339276449,0.0,0.0,0.0
246,1713339276450,0.0,9.77630996704102,0.812349021434784
247,1713339276647,0.0,0.0,0.0
248,1713339276647,0.0,9.77630996704102,0.812349021434784
249,1713339276848,0.0,0.0,0.0
250,1713339276849,0.0,9.77630996704102,0.812349021434784
251,1713339277048,0.0,9.77630996704102,0.812349021434784
252,1713339277047,0.0,0.0,0.0
253,1713339277248,0.0,0.0,0.0
254,1713339277250,0.0,9.77630996704102,0.812349021434784
255,1713339277449,0.0,0.0,0.0
256,1713339277449,0.0,9.77630996704102,0.812349021434784
257,1713339277649,0.0,0.0,0.0
258,1713339277650,0.0,9.77630996704102,0.812349021434784
259,1713339277850,0.0,0.0,0.0
260,1713339277851,0.0,9.77630996704102,0.812349021434784
261,1713339278050,0.0,0.0,0.0
262,1713339278052,0.0,9.77630996704102,0.812349021434784
263,1713339278251,0.0,0.0,0.0
264,1713339278253,0.0,9.77630996704102,0.812349021434784
265,1713339278453,0.0,0.0,0.0
266,1713339278453,0.0,9.77630996704102,0.812349021434784
267,1713339278653,0.0,0.0,0.0
268,1713339278655,0.0,9.77630996704102,0.812349021434784
269,1713339278854,0.0,0.0,0.0
270,1713339278855,0.0,9.77630996704102,0.812349021434784
271,1713339279055,0.0,9.77630996704102,0.812349021434784
272,1713339279055,0.0,0.0,0.0
273,1713339279256,0.0,0.0,0.0
274,1713339279257,0.0,9.77630996704102,0.812349021434784
275,1713339279456,0.0,0.0,0.0
276,1713339279457,0.0,9.77630996704102,0.812349021434784
277,1713339279657,0.0,0.0,0.0
278,1713339279657,0.0,9.77630996704102,0.812349021434784
279,1713339279856,0.0,0.0,0.0
280,1713339279856,0.0,9.77630996704102,0.812349021434784
281,1713339280058,0.0,0.0,0.0
282,1713339280058,0.0,9.77630996704102,0.812349021434784
283,1713339280258,0.0,0.0,0.0
284,1713339280260,0.0,9.77630996704102,0.812349021434784
285,1713339280459,0.0,0.0,0.0
286,1713339280461,0.0,9.77630996704102,0.812349021434784
287,1713339280660,0.0,0.0,0.0
288,1713339280662,0.0,9.77630996704102,0.812349021434784
289,1713339280857,0.0,0.0,0.0
290,1713339280857,0.0,9.77630996704102,0.812349021434784
291,1713339281058,0.0,0.0,0.0
292,1713339281059,0.0,9.77630996704102,0.812349021434784
293,1713339281261,0.0,0.0,0.0
294,1713339281262,0.0,9.77630996704102,0.812349021434784
295,1713339281459,0.0,0.0,0.0
296,1713339281459,0.0,9.77630996704102,0.812349021434784
297,1713339281663,0.0,9.77630996704102,0.812349021434784
298,1713339281662,0.0,0.0,0.0
299,1713339281861,0.0,9.77630996704102,0.812349021434784
300,1713339281861,0.0,0.0,0.0
301,1713339282062,0.0,0.0,0.0
302,1713339282062,0.0,9.77630996704102,0.812349021434784
303,1713339282265,0.0,0.0,0.0
304,1713339282266,0.0,9.77630996704102,0.812349021434784
305,1713339282463,0.0,0.0,0.0
306,1713339282463,0.0,9.77630996704102,0.812349021434784
307,1713339282666,0.0,0.0,0.0
308,1713339282669,0.0,9.77630996704102,0.812349021434784
309,1713339282866,0.0,0.0,0.0
310,1713339282866,0.0,9.77630996704102,0.812349021434784
311,1713339283068,0.0,9.77630996704102,0.812349021434784
312,1713339283067,0.0,0.0,0.0
313,1713339283265,0.0,0.0,0.0
314,1713339283265,0.0,9.77630996704102,0.812349021434784
315,1713339283467,0.0,0.0,0.0
316,1713339283468,0.0,9.77630996704102,0.812349021434784
317,1713339283666,0.0,0.0,0.0
318,1713339283667,0.0,9.77630996704102,0.812349021434784
319,1713339283868,0.0,9.77630996704102,0.812349021434784
320,1713339283867,0.0,0.0,0.0
321,1713339284070,0.0,0.0,0.0
322,1713339284071,0.0,9.77630996704102,0.812349021434784
323,1713339284269,0.0,9.77630996704102,0.812349021434784
324,1713339284268,0.0,0.0,0.0
325,1713339284465,0.0,0.0,0.0
326,1713339284465,0.0,9.77630996704102,0.812349021434784
327,1713339284668,0.0,9.77630996704102,0.812349021434784
328,1713339284668,0.0,0.0,0.0
329,1713339284871,0.0,0.0,0.0
330,1713339284872,0.0,9.77630996704102,0.812349021434784
331,1713339285068,0.0,0.0,0.0
332,1713339285068,0.0,9.77630996704102,0.812349021434784
333,1713339285269,0.0,0.0,0.0
334,1713339285270,0.0,9.77630996704102,0.812349021434784
335,1713339285470,0.0,9.77630996704102,0.812349021434784
336,1713339285469,0.0,0.0,0.0
337,1713339285670,0.0,0.0,0.0
338,1713339285671,0.0,9.77630996704102,0.812349021434784
339,1713339285869,0.0,0.0,0.0
340,1713339285869,0.0,9.77630996704102,0.812349021434784
341,1713339286070,0.0,0.0,0.0
342,1713339286071,0.0,9.77630996704102,0.812349021434784
343,1713339286272,0.0,0.0,0.0
344,1713339286273,0.0,9.77630996704102,0.812349021434784
345,1713339286472,0.0,0.0,0.0
346,1713339286472,0.0,9.77630996704102,0.812349021434784
347,1713339286673,0.0,9.77630996704102,0.812349021434784
348,1713339286672,0.0,0.0,0.0
349,1713339286874,0.0,9.77630996704102,0.812349021434784
350,1713339286873,0.0,0.0,0.0
351,1713339287073,0.0,9.77630996704102,0.812349021434784
352,1713339287072,0.0,0.0,0.0
353,1713339287272,0.0,0.0,0.0
354,1713339287272,0.0,9.77630996704102,0.812349021434784
355,1713339287473,0.0,0.0,0.0
356,1713339287473,0.0,9.77630996704102,0.812349021434784
357,1713339287676,0.0,0.0,0.0
358,1713339287676,0.0,9.77630996704102,0.812349021434784
359,1713339287876,0.0,0.0,0.0
360,1713339287877,0.0,9.77630996704102,0.812349021434784
361,1713339288077,0.0,0.0,0.0
362,1713339288078,0.0,9.77630996704102,0.812349021434784
363,1713339288278,0.0,0.0,0.0
364,1713339288279,0.0,9.77630996704102,0.812349021434784
365,1713339288478,0.0,0.0,0.0
366,1713339288478,0.0,9.77630996704102,0.812349021434784
367,1713339288678,0.0,0.0,0.0
368,1713339288679,0.0,9.77630996704102,0.812349021434784
369,1713339288880,0.0,9.77630996704102,0.812349021434784
370,1713339288879,0.0,0.0,0.0
371,1713339289081,0.0,9.77630996704102,0.812349021434784
372,1713339289080,0.0,0.0,0.0
373,1713339289282,0.0,9.77630996704102,0.812349021434784
374,1713339289282,0.0,0.0,0.0
375,1713339289481,0.0,0.0,0.0
376,1713339289482,0.0,9.77630996704102,0.812349021434784
377,1713339289683,0.0,0.0,0.0
378,1713339289684,0.0,9.77630996704102,0.812349021434784
379,1713339289884,0.0,0.0,0.0
380,1713339289886,0.0,9.77630996704102,0.812349021434784
381,1713339290086,0.0,9.77630996704102,0.812349021434784
382,1713339290085,0.0,0.0,0.0
383,1713339290285,0.0,0.0,0.0
384,1713339290286,0.0,9.77630996704102,0.812349021434784
385,1713339290487,0.0,9.77630996704102,0.812349021434784
386,1713339290487,0.0,0.0,0.0
387,1713339290687,0.0,0.0,0.0
388,1713339290688,0.0,9.77630996704102,0.812349021434784
389,1713339290889,0.0,0.0,0.0
390,1713339290890,0.0,9.77630996704102,0.812349021434784
391,1713339291090,0.0,0.0,0.0
392,1713339291090,0.0,9.77630996704102,0.812349021434784
393,1713339291290,0.0,9.77630996704102,0.812349021434784
394,1713339291289,0.0,0.0,0.0
395,1713339291491,0.0,0.0,0.0
396,1713339291491,0.0,9.77630996704102,0.812349021434784
397,1713339291690,0.0,0.0,0.0
398,1713339291691,0.0,9.77630996704102,0.812349021434784
399,1713339291891,0.0,0.0,0.0
400,1713339291891,0.0,9.77630996704102,0.812349021434784
401,1713339292093,0.0,0.0,0.0
402,1713339292094,0.0,9.77630996704102,0.812349021434784
403,1713339292295,0.0,0.0,0.0
404,1713339292297,0.0,9.77630996704102,0.812349021434784
405,1713339292495,0.0,0.0,0.0
406,1713339292496,0.0,9.77630996704102,0.812349021434784
407,1713339292693,0.0,0.0,0.0
408,1713339292693,0.0,9.77630996704102,0.812349021434784
409,1713339292892,0.0,0.0,0.0
410,1713339292892,0.0,9.77630996704102,0.812349021434784
411,1713339293095,0.0,0.0,0.0
412,1713339293095,0.0,9.77630996704102,0.812349021434784
413,1713339293297,0.0,9.77630996704102,0.812349021434784
414,1713339293296,0.0,0.0,0.0
415,1713339293497,0.0,9.77630996704102,0.812349021434784
416,1713339293496,0.0,0.0,0.0
417,1713339293697,0.0,0.0,0.0
418,1713339293698,0.0,9.77630996704102,0.812349021434784
419,1713339293899,0.0,0.0,0.0
420,1713339293899,0.0,9.77630996704102,0.812349021434784
421,1713339294099,0.0,9.77630996704102,0.812349021434784
422,1713339294098,0.0,0.0,0.0
423,1713339294312,0.0,9.77630996704102,0.812349021434784
424,1713339294311,0.0,0.0,0.0
425,1713339294500,0.0,0.0,0.0
426,1713339294501,0.0,9.77630996704102,0.812349021434784
427,1713339294701,0.0,0.0,0.0
428,1713339294702,0.0,9.77630996704102,0.812349021434784
429,1713339294902,0.0,0.0,0.0
430,1713339294902,0.0,9.77630996704102,0.812349021434784
431,1713339295101,0.0,0.0,0.0
432,1713339295102,0.0,9.77630996704102,0.812349021434784
433,1713339295334,0.0,0.0,0.0
434,1713339295335,0.0,9.77630996704102,0.812349021434784
435,1713339295504,0.0,0.0,0.0
436,1713339295506,0.0,9.77630996704102,0.812349021434784
437,1713339295705,0.0,0.0,0.0
438,1713339295705,0.0,9.77630996704102,0.812349021434784
439,1713339295904,0.0,0.0,0.0
440,1713339295904,0.0,9.77630996704102,0.812349021434784
441,1713339296106,0.0,0.0,0.0
442,1713339296106,0.0,9.77630996704102,0.812349021434784
443,1713339296316,0.0,0.0,0.0
444,1713339296317,0.0,9.77630996704102,0.812349021434784
445,1713339296509,0.0,0.0,0.0
446,1713339296509,0.0,9.77630996704102,0.812349021434784
447,1713339296710,0.0,0.0,0.0
448,1713339296710,0.0,9.77630996704102,0.812349021434784
449,1713339296910,0.0,0.0,0.0
450,1713339296911,0.0,9.77630996704102,0.812349021434784
451,1713339297112,0.0,0.0,0.0
452,1713339297117,0.0,9.77630996704102,0.812349021434784
453,1713339297312,0.0,0.0,0.0
454,1713339297313,0.0,9.77630996704102,0.812349021434784
455,1713339297513,0.0,0.0,0.0
456,1713339297514,0.0,9.77630996704102,0.812349021434784
457,1713339297714,0.0,0.0,0.0
458,1713339297716,0.0,9.77630996704102,0.812349021434784
459,1713339297919,0.0,9.77630996704102,0.812349021434784
460,1713339297917,0.0,0.0,0.0
461,1713339298115,0.0,0.0,0.0
462,1713339298115,0.0,9.77630996704102,0.812349021434784
463,1713339298315,0.0,0.0,0.0
464,1713339298315,0.0,9.77630996704102,0.812349021434784
465,1713339298519,0.0,0.0,0.0
466,1713339298519,0.0,9.77630996704102,0.812349021434784
467,1713339298715,0.0,0.0,0.0
468,1713339298716,0.0,9.77630996704102,0.812349021434784
469,1713339298915,0.0,0.0,0.0
470,1713339298915,0.0,9.77630996704102,0.812349021434784
471,1713339299118,0.0,0.0,0.0
472,1713339299118,0.0,9.77630996704102,0.812349021434784
473,1713339299322,0.0,0.0,0.0
474,1713339299323,0.0,9.77630996704102,0.812349021434784
475,1713339299521,0.0,0.0,0.0
476,1713339299521,0.0,9.77630996704102,0.812349021434784
477,1713339299720,0.0,0.0,0.0
478,1713339299720,0.0,9.77630996704102,0.812349021434784
479,1713339299920,0.0,0.0,0.0
480,1713339299920,0.0,9.77630996704102,0.812349021434784
481,1713339300120,0.0,0.0,0.0
482,1713339300120,0.0,9.77630996704102,0.812349021434784
483,1713339300321,0.0,0.0,0.0
484,1713339300321,0.0,9.77630996704102,0.812349021434784
485,1713339300526,0.0,9.77630996704102,0.812349021434784
486,1713339300524,0.0,0.0,0.0
487,1713339300725,0.0,0.0,0.0
488,1713339300726,0.0,9.77630996704102,0.812349021434784
489,1713339300925,0.0,0.0,0.0
490,1713339300926,0.0,9.77630996704102,0.812349021434784
491,1713339301126,0.0,0.0,0.0
492,1713339301126,0.0,9.77630996704102,0.812349021434784
493,1713339301336,0.0,0.0,0.0
494,1713339301337,0.0,9.77630996704102,0.812349021434784
495,1713339301527,0.0,0.0,0.0
496,1713339301528,0.0,9.77630996704102,0.812349021434784
497,1713339301728,0.0,0.0,0.0
498,1713339301729,0.0,9.77630996704102,0.812349021434784
499,1713339301932,0.0,9.77630996704102,0.812349021434784
500,1713339301932,0.0,0.0,0.0
501,1713339302128,0.0,0.0,0.0
502,1713339302128,0.0,9.77630996704102,0.812349021434784
503,1713339302331,0.0,0.0,0.0
504,1713339302331,0.0,9.77630996704102,0.812349021434784
505,1713339302531,0.0,0.0,0.0
506,1713339302532,0.0,9.77630996704102,0.812349021434784
507,1713339302732,0.0,0.0,0.0
508,1713339302732,0.0,9.77630996704102,0.812349021434784
509,1713339302930,0.0,0.0,0.0
510,1713339302931,0.0,9.77630996704102,0.812349021434784
511,1713339303131,0.0,0.0,0.0
512,1713339303131,0.0,9.77630996704102,0.812349021434784
513,1713339303354,0.0,0.0,0.0
514,1713339303355,0.0,9.77630996704102,0.812349021434784
515,1713339303535,0.0,0.0,0.0
516,1713339303535,0.0,9.77630996704102,0.812349021434784
517,1713339303736,0.0,0.0,0.0
518,1713339303737,0.0,9.77630996704102,0.812349021434784
519,1713339303938,0.0,0.0,0.0
520,1713339303938,0.0,9.77630996704102,0.812349021434784
521,1713339304140,0.0,0.0,0.0
522,1713339304141,0.0,9.77630996704102,0.812349021434784
523,1713339304356,0.0,0.0,0.0
524,1713339304356,0.0,9.77630996704102,0.812349021434784
525,1713339304547,0.0,0.0,0.0
526,1713339304547,0.0,9.77630996704102,0.812349021434784
527,1713339304748,0.0,9.77630996704102,0.812349021434784
528,1713339304747,0.0,0.0,0.0
529,1713339304946,0.0,0.0,0.0
530,1713339304946,0.0,9.77630996704102,0.812349021434784
531,1713339305148,0.0,9.77630996704102,0.812349021434784
532,1713339305148,0.0,0.0,0.0
533,1713339305350,0.0,9.77630996704102,0.812349021434784
534,1713339305349,0.0,0.0,0.0
535,1713339305549,0.0,0.0,0.0
536,1713339305549,0.0,9.77630996704102,0.812349021434784
537,1713339305748,0.0,0.0,0.0
538,1713339305749,0.0,9.77630996704102,0.812349021434784
539,1713339305947,0.0,9.77630996704102,0.812349021434784
540,1713339305947,0.0,0.0,0.0
541,1713339306150,0.0,9.77630996704102,0.812349021434784
542,1713339306149,0.0,0.0,0.0
543,1713339306351,0.0,0.0,0.0
544,1713339306352,0.0,9.77630996704102,0.812349021434784
545,1713339306551,0.0,0.0,0.0
546,1713339306552,0.0,9.77630996704102,0.812349021434784
547,1713339306753,0.0,0.0,0.0
548,1713339306753,0.0,9.77630996704102,0.812349021434784
549,1713339306953,0.0,0.0,0.0
550,1713339306953,0.0,9.77630996704102,0.812349021434784
551,1713339310408,0.0,0.0,0.0
552,1713339310408,0.0,9.77630996704102,0.812349021434784
553,1713339311339,0.0,0.0,0.0
554,1713339311340,0.0,9.77630996704102,0.812349021434784
555,1713339311486,0.0,0.0,0.0
556,1713339311486,0.0,9.77630996704102,0.812349021434784
557,1713339311686,0.0,0.0,0.0
558,1713339311686,0.0,9.77630996704102,0.812349021434784
559,1713339311887,0.0,0.0,0.0
560,1713339311888,0.0,9.77630996704102,0.812349021434784
561,1713339312088,0.0,0.0,0.0
562,1713339312092,0.0,9.77630996704102,0.812349021434784
563,1713339312288,0.0,9.77630996704102,0.812349021434784
564,1713339312288,0.0,0.0,0.0
565,1713339312496,0.0,0.0,0.0
566,1713339312497,0.0,9.77630996704102,0.812349021434784
567,1713339312688,0.0,0.0,0.0
568,1713339312688,0.0,9.77630996704102,0.812349021434784
569,1713339312888,0.0,0.0,0.0
570,1713339312889,0.0,9.77630996704102,0.812349021434784
571,1713339313089,0.0,0.0,0.0
572,1713339313089,0.0,9.77630996704102,0.812349021434784
573,1713339313290,0.0,0.0,0.0
574,1713339313291,0.0,9.77630996704102,0.812349021434784
575,1713339313491,0.0,0.0,0.0
576,1713339313491,0.0,9.77630996704102,0.812349021434784
577,1713339313693,0.0,0.0,0.0
578,1713339313693,-9.8100004196167,-1.90734999705455e-06,0.0
579,1713339313894,0.0,0.0,0.0
580,1713339313894,-9.8100004196167,-1.90734999705455e-06,0.0
581,1713339314094,0.0,0.0,0.0
582,1713339314094,-9.8100004196167,-1.90734999705455e-06,0.0
583,1713339314302,0.0,0.0,0.0
584,1713339314302,-9.8100004196167,-1.90734999705455e-06,0.0
585,1713339314568,0.0,0.0,0.0
586,1713339314568,-9.8100004196167,-1.90734999705455e-06,0.0
587,1713339314791,0.0,0.0,0.0
588,1713339314792,-9.8100004196167,-1.90734999705455e-06,0.0
589,1713339314956,-9.8100004196167,-1.90734999705455e-06,0.0
590,1713339314955,0.0,0.0,0.0
591,1713339315156,0.0,0.0,0.0
592,1713339315156,-9.8100004196167,-1.90734999705455e-06,0.0
593,1713339315362,0.0,0.0,0.0
594,1713339315363,-9.8100004196167,-1.90734999705455e-06,0.0
595,1713339315556,0.0,0.0,0.0
596,1713339315556,-9.8100004196167,-1.90734999705455e-06,0.0
597,1713339315760,0.0,0.0,0.0
598,1713339315761,-9.8100004196167,-1.90734999705455e-06,0.0
599,1713339315957,0.0,0.0,0.0
600,1713339315958,-9.8100004196167,-1.90734999705455e-06,0.0
601,1713339316158,0.0,0.0,0.0
602,1713339316159,-9.8100004196167,-1.90734999705455e-06,0.0
603,1713339316374,0.0,0.0,0.0
604,1713339316375,-9.8100004196167,-1.90734999705455e-06,0.0
605,1713339316568,0.0,0.0,0.0
606,1713339316569,-9.8100004196167,-1.90734999705455e-06,0.0
607,1713339316767,0.0,0.0,0.0
608,1713339316767,-9.8100004196167,-1.90734999705455e-06,0.0
609,1713339316970,0.0,0.0,0.0
610,1713339316970,-9.8100004196167,-1.90734999705455e-06,0.0
611,1713339317169,0.0,0.0,0.0
612,1713339317169,0.0,9.8100004196167,0.0
613,1713339317376,0.0,9.8100004196167,0.0
614,1713339317376,0.0,0.0,0.0
615,1713339317570,0.0,0.0,0.0
616,1713339317571,0.0,9.8100004196167,0.0
617,1713339317952,0.0,0.0,0.0
618,1713339317952,0.0,9.8100004196167,0.0
619,1713339318206,0.0,0.0,0.0
620,1713339318206,0.0,9.8100004196167,0.0
621,1713339318351,0.0,0.0,0.0
622,1713339318353,0.0,9.8100004196167,0.0
623,1713339318544,0.0,0.0,0.0
624,1713339318544,0.0,9.8100004196167,0.0
625,1713339318744,0.0,0.0,0.0
626,1713339318744,0.0,9.8100004196167,0.0
627,1713339318971,0.0,0.0,0.0
628,1713339318971,0.0,9.8100004196167,0.0
629,1713339319145,0.0,0.0,0.0
630,1713339319145,0.0,9.8100004196167,0.0
631,1713339319348,0.0,0.0,0.0
632,1713339319350,0.0,9.8100004196167,0.0
633,1713339319557,0.0,0.0,0.0
634,1713339319557,0.0,9.8100004196167,0.0
635,1713339319750,0.0,0.0,0.0
636,1713339319750,0.0,9.8100004196167,0.0
637,1713339319948,0.0,0.0,0.0
638,1713339319948,9.8100004196167,-1.90734999705455e-06,0.0
639,1713339320151,0.0,0.0,0.0
640,1713339320151,9.8100004196167,-1.90734999705455e-06,0.0
641,1713339320354,0.0,0.0,0.0
642,1713339320354,9.8100004196167,-1.90734999705455e-06,0.0
643,1713339320591,0.0,0.0,0.0
644,1713339320592,9.8100004196167,-1.90734999705455e-06,0.0
645,1713339320812,0.0,0.0,0.0
646,1713339320812,9.8100004196167,-1.90734999705455e-06,0.0
647,1713339320984,0.0,0.0,0.0
648,1713339320985,9.8100004196167,-1.90734999705455e-06,0.0
649,1713339321187,0.0,0.0,0.0
650,1713339321187,9.8100004196167,-1.90734999705455e-06,0.0
651,1713339321386,9.8100004196167,-1.90734999705455e-06,0.0
652,1713339321386,0.0,0.0,0.0
653,1713339321590,9.8100004196167,-1.90734999705455e-06,0.0
654,1713339321589,0.0,0.0,0.0
655,1713339321792,0.0,0.0,0.0
656,1713339321792,9.8100004196167,-1.90734999705455e-06,0.0
657,1713339321991,0.0,0.0,0.0
658,1713339321991,9.8100004196167,-1.90734999705455e-06,0.0
659,1713339322193,9.8100004196167,-1.90734999705455e-06,0.0
660,1713339322193,0.0,0.0,0.0
661,1713339322391,0.0,0.0,0.0
662,1713339322392,9.8100004196167,-1.90734999705455e-06,0.0
663,1713339322590,0.0,0.0,0.0
664,1713339322590,0.0,9.8100004196167,0.0
665,1713339322793,0.0,0.0,0.0
666,1713339322794,0.0,9.8100004196167,0.0
667,1713339322993,0.0,0.0,0.0
668,1713339322993,0.0,9.8100004196167,0.0
669,1713339323253,0.0,0.0,0.0
670,1713339323253,0.0,9.8100004196167,0.0
671,1713339323471,0.0,0.0,0.0
672,1713339323471,0.0,9.8100004196167,0.0
673,1713339323649,0.0,0.0,0.0
674,1713339323649,0.0,9.8100004196167,0.0
675,1713339323852,0.0,0.0,0.0
676,1713339323853,0.0,9.8100004196167,0.0
677,1713339324050,0.0,0.0,0.0
678,1713339324050,0.0,9.8100004196167,0.0
679,1713339324252,0.0,0.0,0.0
680,1713339324252,0.0,9.8100004196167,0.0
681,1713339324451,0.0,0.0,0.0
682,1713339324451,0.0,9.8100004196167,0.0
683,1713339324651,0.0,0.0,0.0
684,1713339324651,0.0,9.8100004196167,0.0
685,1713339324854,0.0,9.8100004196167,0.0
686,1713339324853,0.0,0.0,0.0
687,1713339325054,0.0,0.0,0.0
688,1713339325055,0.0,9.8100004196167,0.0
689,1713339325254,0.0,0.0,0.0
690,1713339325254,0.0,9.8100004196167,0.0
691,1713339325456,0.0,0.0,0.0
692,1713339325456,0.0,9.8100004196167,0.0
693,1713339325657,0.0,0.0,0.0
694,1713339325658,0.0,9.8100004196167,0.0
695,1713339325857,0.0,0.0,0.0
696,1713339325858,0.0,9.8100004196167,0.0
697,1713339326056,0.0,0.0,0.0
698,1713339326056,0.0,9.8100004196167,0.0
699,1713339326255,0.0,0.0,0.0
700,1713339326256,0.0,9.8100004196167,0.0
701,1713339326456,0.0,0.0,0.0
702,1713339326456,0.0,9.8100004196167,0.0
703,1713339326657,0.0,0.0,0.0
704,1713339326657,0.0,9.8100004196167,0.0
705,1713339326857,0.0,0.0,0.0
706,1713339326858,0.0,9.8100004196167,0.0
707,1713339327058,0.0,0.0,0.0
708,1713339327059,0.0,9.8100004196167,0.0
709,1713339327261,0.0,0.0,0.0
710,1713339327261,0.0,9.8100004196167,0.0
711,1713339327459,0.0,0.0,0.0
712,1713339327459,0.0,9.8100004196167,0.0
713,1713339327658,0.0,0.0,0.0
714,1713339327659,0.0,9.8100004196167,0.0
715,1713339327860,0.0,0.0,0.0
716,1713339327860,0.0,9.8100004196167,0.0
717,1713339328059,0.0,0.0,0.0
718,1713339328060,0.0,9.8100004196167,0.0
719,1713339328259,0.0,0.0,0.0
720,1713339328260,0.0,9.8100004196167,0.0
721,1713339328461,0.0,0.0,0.0
722,1713339328462,0.0,9.8100004196167,0.0
723,1713339328660,0.0,0.0,0.0
724,1713339328660,0.0,9.8100004196167,0.0
725,1713339328862,0.0,0.0,0.0
726,1713339328862,0.0,9.8100004196167,0.0
727,1713339329060,0.0,0.0,0.0
728,1713339329060,0.0,9.8100004196167,0.0
729,1713339329263,0.0,0.0,0.0
730,1713339329263,0.0,9.8100004196167,0.0
731,1713339329462,0.0,0.0,0.0
732,1713339329462,0.0,9.8100004196167,0.0
733,1713339329666,0.0,9.8100004196167,0.0
734,1713339329665,0.0,0.0,0.0
735,1713339329864,0.0,0.0,0.0
736,1713339329864,0.0,9.8100004196167,0.0
737,1713339330063,0.0,0.0,0.0
738,1713339330064,0.0,9.8100004196167,0.0
739,1713339330263,0.0,0.0,0.0
740,1713339330265,0.0,9.8100004196167,0.0
741,1713339330463,0.0,9.8100004196167,0.0
742,1713339330462,0.0,0.0,0.0
743,1713339330666,0.0,9.8100004196167,0.0
744,1713339330665,0.0,0.0,0.0
745,1713339330866,0.0,0.0,0.0
746,1713339330866,0.0,9.8100004196167,0.0
747,1713339331066,0.0,0.0,0.0
748,1713339331066,0.0,9.8100004196167,0.0
749,1713339331266,0.0,0.0,0.0
750,1713339331266,0.0,9.8100004196167,0.0
751,1713339331466,0.0,0.0,0.0
752,1713339331467,0.0,9.8100004196167,0.0
753,1713339331667,0.0,0.0,0.0
754,1713339331667,0.0,9.8100004196167,0.0
755,1713339331866,0.0,9.8100004196167,0.0
756,1713339331866,0.0,0.0,0.0
757,1713339332066,0.0,0.0,0.0
758,1713339332067,0.0,9.8100004196167,0.0
759,1713339332268,0.0,0.0,0.0
760,1713339332268,0.0,9.8100004196167,0.0
761,1713339332469,0.0,0.0,0.0
762,1713339332470,0.0,9.8100004196167,0.0
763,1713339332670,0.0,0.0,0.0
764,1713339332671,0.0,9.8100004196167,0.0
765,1713339332869,0.0,0.0,0.0
766,1713339332869,0.0,9.8100004196167,0.0
767,1713339333070,0.0,0.0,0.0
768,1713339333071,0.0,9.8100004196167,0.0
769,1713339333270,0.0,0.0,0.0
770,1713339333270,0.0,9.8100004196167,0.0
771,1713339333471,0.0,0.0,0.0
772,1713339333472,0.0,9.8100004196167,0.0
773,1713339333673,0.0,0.0,0.0
774,1713339333673,0.0,9.8100004196167,0.0
775,1713339333872,0.0,0.0,0.0
776,1713339333872,0.0,9.8100004196167,0.0
777,1713339334074,0.0,0.0,0.0
778,1713339334075,0.0,9.8100004196167,0.0
779,1713339334275,0.0,0.0,0.0
780,1713339334276,0.0,9.8100004196167,0.0
781,1713339334475,0.0,0.0,0.0
782,1713339334475,0.0,9.8100004196167,0.0
783,1713339334675,0.0,0.0,0.0
784,1713339334676,0.0,9.8100004196167,0.0
785,1713339334875,0.0,0.0,0.0
786,1713339334876,0.0,9.8100004196167,0.0
787,1713339335075,0.0,0.0,0.0
788,1713339335075,0.0,9.8100004196167,0.0
789,1713339335279,0.0,0.0,0.0
790,1713339335279,0.0,9.8100004196167,0.0
791,1713339335476,0.0,0.0,0.0
792,1713339335476,0.0,9.8100004196167,0.0
793,1713339335689,0.0,0.0,0.0
794,1713339335691,0.0,9.8100004196167,0.0
795,1713339335885,0.0,0.0,0.0
796,1713339335886,0.0,9.8100004196167,0.0
797,1713339336083,0.0,0.0,0.0
798,1713339336083,0.0,9.8100004196167,0.0
799,1713339336285,0.0,0.0,0.0
800,1713339336285,0.0,9.8100004196167,0.0
801,1713339336483,0.0,0.0,0.0
802,1713339336483,0.0,9.8100004196167,0.0
803,1713339336684,0.0,0.0,0.0
804,1713339336684,0.0,9.8100004196167,0.0
805,1713339336895,0.0,0.0,0.0
806,1713339336895,0.0,9.8100004196167,0.0
807,1713339337086,0.0,0.0,0.0
808,1713339337086,0.0,9.8100004196167,0.0
809,1713339337287,0.0,0.0,0.0
810,1713339337287,0.0,9.8100004196167,0.0
811,1713339337486,0.0,0.0,0.0
812,1713339337486,0.0,9.8100004196167,0.0
813,1713339337686,0.0,0.0,0.0
814,1713339337686,0.0,9.8100004196167,0.0
815,1713339337901,0.0,0.0,0.0
816,1713339337901,0.0,9.8100004196167,0.0
817,1713339338091,0.0,0.0,0.0
818,1713339338092,0.0,9.8100004196167,0.0
819,1713339338291,0.0,0.0,0.0
820,1713339338291,0.0,9.8100004196167,0.0
821,1713339338490,0.0,0.0,0.0
822,1713339338490,0.0,9.8100004196167,0.0
823,1713339338691,0.0,0.0,0.0
824,1713339338691,0.0,9.8100004196167,0.0
825,1713339338904,0.0,0.0,0.0
826,1713339338904,0.0,9.8100004196167,0.0
827,1713339339105,0.0,0.0,0.0
828,1713339339106,0.0,9.8100004196167,0.0
829,1713339339304,0.0,0.0,0.0
830,1713339339304,0.0,9.8100004196167,0.0
831,1713339339507,0.0,0.0,0.0
832,1713339339508,0.0,9.8100004196167,0.0
833,1713339339707,0.0,0.0,0.0
834,1713339339707,0.0,9.8100004196167,0.0
835,1713339339914,0.0,0.0,0.0
836,1713339339916,0.0,9.8100004196167,0.0
837,1713339340112,0.0,0.0,0.0
838,1713339340112,0.0,9.8100004196167,0.0
839,1713339340309,0.0,0.0,0.0
840,1713339340309,0.0,9.8100004196167,0.0
841,1713339340512,0.0,0.0,0.0
842,1713339340513,0.0,9.8100004196167,0.0
843,1713339340716,0.0,9.8100004196167,0.0
844,1713339340714,0.0,0.0,0.0
845,1713339340915,0.0,0.0,0.0
846,1713339340915,0.0,9.8100004196167,0.0
847,1713339341116,0.0,0.0,0.0
848,1713339341116,0.0,9.8100004196167,0.0
849,1713339341315,0.0,0.0,0.0
850,1713339341315,0.0,9.8100004196167,0.0
851,1713339341518,0.0,0.0,0.0
852,1713339341518,0.0,9.8100004196167,0.0
853,1713339341719,0.0,0.0,0.0
854,1713339341720,0.0,9.8100004196167,0.0
855,1713339341917,0.0,0.0,0.0
856,1713339341918,0.0,9.8100004196167,0.0
857,1713339342119,0.0,0.0,0.0
858,1713339342120,0.0,9.8100004196167,0.0
859,1713339342321,0.0,0.0,0.0
860,1713339342322,0.0,9.8100004196167,0.0
861,1713339342523,0.0,9.8100004196167,0.0
862,1713339342522,0.0,0.0,0.0
863,1713339342720,0.0,0.0,0.0
864,1713339342720,0.0,9.8100004196167,0.0
865,1713339342923,0.0,0.0,0.0
866,1713339342924,0.0,9.8100004196167,0.0
867,1713339343123,0.0,0.0,0.0
868,1713339343124,0.0,9.8100004196167,0.0
869,1713339343320,0.0,0.0,0.0
870,1713339343320,0.0,9.8100004196167,0.0
871,1713339343520,0.0,0.0,0.0
872,1713339343520,0.0,9.8100004196167,0.0
873,1713339343723,0.0,0.0,0.0
874,1713339343724,0.0,9.8100004196167,0.0
875,1713339343932,0.0,0.0,0.0
876,1713339343932,0.0,9.8100004196167,0.0
877,1713339344125,0.0,0.0,0.0
878,1713339344127,0.0,9.8100004196167,0.0
879,1713339344326,0.0,9.8100004196167,0.0
880,1713339344325,0.0,0.0,0.0
881,1713339344525,0.0,0.0,0.0
882,1713339344525,0.0,9.8100004196167,0.0
883,1713339344727,0.0,9.8100004196167,0.0
884,1713339344727,0.0,0.0,0.0
885,1713339344931,0.0,0.0,0.0
886,1713339344931,0.0,9.8100004196167,0.0
887,1713339345126,0.0,0.0,0.0
888,1713339345126,0.0,9.8100004196167,0.0
889,1713339345330,0.0,0.0,0.0
890,1713339345331,0.0,9.8100004196167,0.0
891,1713339345530,0.0,0.0,0.0
892,1713339345530,0.0,9.8100004196167,0.0
893,1713339345728,0.0,0.0,0.0
894,1713339345728,0.0,9.8100004196167,0.0
895,1713339345928,0.0,0.0,0.0
896,1713339345929,0.0,9.8100004196167,0.0
897,1713339346130,0.0,0.0,0.0
898,1713339346130,0.0,9.8100004196167,0.0
899,1713339346331,0.0,0.0,0.0
900,1713339346332,0.0,9.8100004196167,0.0
901,1713339346530,0.0,0.0,0.0
902,1713339346530,0.0,9.8100004196167,0.0
903,1713339346729,0.0,0.0,0.0
904,1713339346729,0.0,9.8100004196167,0.0
905,1713339346931,0.0,0.0,0.0
906,1713339346931,0.0,9.8100004196167,0.0
907,1713339347132,0.0,0.0,0.0
908,1713339347132,0.0,9.8100004196167,0.0
909,1713339347334,0.0,0.0,0.0
910,1713339347336,0.0,9.8100004196167,0.0
911,1713339347533,0.0,0.0,0.0
912,1713339347533,0.0,9.8100004196167,0.0
913,1713339347735,0.0,0.0,0.0
914,1713339347735,0.0,9.8100004196167,0.0
915,1713339347934,0.0,0.0,0.0
916,1713339347934,0.0,9.8100004196167,0.0
917,1713339348135,0.0,0.0,0.0
918,1713339348135,0.0,9.8100004196167,0.0
919,1713339348337,0.0,0.0,0.0
920,1713339348337,0.0,9.8100004196167,0.0
921,1713339348539,0.0,0.0,0.0
922,1713339348539,0.0,9.8100004196167,0.0
923,1713339348739,0.0,9.8100004196167,0.0
924,1713339348739,0.0,0.0,0.0
925,1713339348939,0.0,0.0,0.0
926,1713339348939,0.0,9.8100004196167,0.0
927,1713339349141,0.0,0.0,0.0
928,1713339349142,0.0,9.8100004196167,0.0
929,1713339349342,0.0,0.0,0.0
930,1713339349342,0.0,9.8100004196167,0.0
931,1713339349542,0.0,9.8100004196167,0.0
932,1713339349542,0.0,0.0,0.0
933,1713339349739,0.0,9.8100004196167,0.0
934,1713339349739,0.0,0.0,0.0
935,1713339349940,0.0,0.0,0.0
936,1713339349941,0.0,9.8100004196167,0.0
937,1713339350144,0.0,0.0,0.0
938,1713339350145,0.0,9.8100004196167,0.0
939,1713339350346,0.0,0.0,0.0
940,1713339350347,0.0,9.8100004196167,0.0
941,1713339350546,0.0,0.0,0.0
942,1713339350546,0.0,9.8100004196167,0.0
943,1713339350746,0.0,0.0,0.0
944,1713339350746,0.0,9.8100004196167,0.0
945,1713339350944,0.0,0.0,0.0
946,1713339350944,0.0,9.8100004196167,0.0
947,1713339351147,0.0,0.0,0.0
948,1713339351147,0.0,9.8100004196167,0.0
949,1713339351347,0.0,0.0,0.0
950,1713339351348,0.0,9.8100004196167,0.0
951,1713339351548,0.0,0.0,0.0
952,1713339351548,0.0,9.8100004196167,0.0
953,1713339351754,0.0,0.0,0.0
954,1713339351755,0.0,9.8100004196167,0.0
955,1713339351947,0.0,0.0,0.0
956,1713339351948,0.0,9.8100004196167,0.0
957,1713339352145,0.0,0.0,0.0
958,1713339352146,0.0,9.8100004196167,0.0
959,1713339352348,0.0,0.0,0.0
960,1713339352348,0.0,9.8100004196167,0.0
961,1713339352547,0.0,0.0,0.0
962,1713339352547,0.0,9.8100004196167,0.0
963,1713339352749,0.0,0.0,0.0
964,1713339352750,0.0,9.8100004196167,0.0
965,1713339352949,0.0,0.0,0.0
966,1713339352949,0.0,9.8100004196167,0.0
967,1713339353153,0.0,0.0,0.0
968,1713339353153,0.0,9.8100004196167,0.0
969,1713339353354,0.0,9.8100004196167,0.0
970,1713339353353,0.0,0.0,0.0
971,1713339353552,0.0,0.0,0.0
972,1713339353552,0.0,9.8100004196167,0.0
973,1713339353751,0.0,9.8100004196167,0.0
974,1713339353751,0.0,0.0,0.0
975,1713339353952,0.0,0.0,0.0
976,1713339353952,0.0,9.8100004196167,0.0
977,1713339354153,0.0,0.0,0.0
978,1713339354153,0.0,9.8100004196167,0.0
979,1713339354352,0.0,0.0,0.0
980,1713339354353,0.0,9.8100004196167,0.0
981,1713339354562,0.0,0.0,0.0
982,1713339354562,0.0,9.8100004196167,0.0
983,1713339354756,0.0,0.0,0.0
984,1713339354756,0.0,9.8100004196167,0.0
985,1713339354956,0.0,0.0,0.0
986,1713339354956,0.0,9.8100004196167,0.0
987,1713339355157,0.0,0.0,0.0
988,1713339355159,0.0,9.8100004196167,0.0
989,1713339355356,0.0,0.0,0.0
990,1713339355357,0.0,9.8100004196167,0.0
991,1713339355558,0.0,0.0,0.0
992,1713339355559,0.0,9.8100004196167,0.0
993,1713339355760,0.0,0.0,0.0
994,1713339355761,0.0,9.8100004196167,0.0
995,1713339355959,0.0,0.0,0.0
996,1713339355959,0.0,9.8100004196167,0.0
997,1713339356160,0.0,0.0,0.0
998,1713339356160,0.0,9.8100004196167,0.0
999,1713339356361,0.0,0.0,0.0
1000,1713339356361,0.0,9.8100004196167,0.0
1001,1713339356562,0.0,0.0,0.0
1002,1713339356563,0.0,9.8100004196167,0.0
1003,1713339356762,0.0,0.0,0.0
1004,1713339356762,0.0,9.8100004196167,0.0
1005,1713339356962,0.0,0.0,0.0
1006,1713339356962,0.0,9.8100004196167,0.0
1007,1713339357161,0.0,0.0,0.0
1008,1713339357161,0.0,9.8100004196167,0.0
1009,1713339357368,0.0,0.0,0.0
1010,1713339357368,0.0,9.8100004196167,0.0
1011,1713339357564,0.0,0.0,0.0
1012,1713339357565,0.0,9.8100004196167,0.0
1013,1713339357765,0.0,0.0,0.0
1014,1713339357766,0.0,9.8100004196167,0.0
1015,1713339357965,0.0,0.0,0.0
1016,1713339357965,0.0,9.8100004196167,0.0
1017,1713339358163,0.0,0.0,0.0
1018,1713339358163,0.0,9.8100004196167,0.0
1019,1713339358368,0.0,0.0,0.0
1020,1713339358368,0.0,9.8100004196167,0.0
1021,1713339358567,0.0,0.0,0.0
1022,1713339358568,0.0,9.8100004196167,0.0
1023,1713339358765,0.0,9.8100004196167,0.0
1024,1713339358765,0.0,0.0,0.0
1025,1713339358967,0.0,0.0,0.0
1026,1713339358967,0.0,9.8100004196167,0.0
1027,1713339359169,0.0,0.0,0.0
1028,1713339359169,0.0,9.8100004196167,0.0
1029,1713339359371,0.0,0.0,0.0
1030,1713339359372,0.0,9.8100004196167,0.0
1031,1713339359570,0.0,0.0,0.0
1032,1713339359570,0.0,9.8100004196167,0.0
1033,1713339359771,0.0,0.0,0.0
1034,1713339359771,0.0,9.8100004196167,0.0
1035,1713339359971,0.0,0.0,0.0
1036,1713339359971,0.0,9.8100004196167,0.0
1037,1713339360175,0.0,0.0,0.0
1038,1713339360175,0.0,9.8100004196167,0.0
1039,1713339360375,0.0,0.0,0.0
1040,1713339360376,0.0,9.8100004196167,0.0
1041,1713339360573,0.0,0.0,0.0
1042,1713339360574,0.0,9.8100004196167,0.0
1043,1713339360776,0.0,0.0,0.0
1044,1713339360776,0.0,9.8100004196167,0.0
1045,1713339360976,0.0,0.0,0.0
1046,1713339360976,0.0,9.8100004196167,0.0
1047,1713339361176,0.0,0.0,0.0
1048,1713339361177,0.0,9.8100004196167,0.0
1049,1713339361377,0.0,9.8100004196167,0.0
1050,1713339361376,0.0,0.0,0.0
1051,1713339361575,0.0,0.0,0.0
1052,1713339361575,0.0,9.8100004196167,0.0
1053,1713339361776,0.0,0.0,0.0
1054,1713339361776,0.0,9.8100004196167,0.0
1055,1713339361976,0.0,0.0,0.0
1056,1713339361976,0.0,9.8100004196167,0.0
1057,1713339362174,0.0,0.0,0.0
1058,1713339362174,0.0,9.8100004196167,0.0
1059,1713339362377,0.0,0.0,0.0
1060,1713339362377,0.0,9.8100004196167,0.0
1061,1713339362581,0.0,0.0,0.0
1062,1713339362581,0.0,9.8100004196167,0.0
1063,1713339362784,0.0,0.0,0.0
1064,1713339362784,0.0,9.8100004196167,0.0
1065,1713339362979,0.0,0.0,0.0
1066,1713339362979,0.0,9.8100004196167,0.0
1067,1713339363179,0.0,0.0,0.0
1068,1713339363179,0.0,9.8100004196167,0.0
1069,1713339363381,0.0,0.0,0.0
1070,1713339363382,0.0,9.8100004196167,0.0
1071,1713339363582,0.0,0.0,0.0
1072,1713339363583,0.0,9.8100004196167,0.0
1073,1713339363784,0.0,0.0,0.0
1074,1713339363785,0.0,9.8100004196167,0.0
1075,1713339363986,0.0,0.0,0.0
1076,1713339363986,0.0,9.8100004196167,0.0
1077,1713339364186,0.0,0.0,0.0
1078,1713339364187,0.0,9.8100004196167,0.0
1079,1713339364386,0.0,0.0,0.0
1080,1713339364387,0.0,9.8100004196167,0.0
1081,1713339364588,0.0,0.0,0.0
1082,1713339364589,0.0,9.8100004196167,0.0
1083,1713339364788,0.0,0.0,0.0
1084,1713339364789,0.0,9.8100004196167,0.0
1085,1713339364991,0.0,0.0,0.0
1086,1713339364991,0.0,9.8100004196167,0.0
1087,1713339365186,0.0,0.0,0.0
1088,1713339365187,0.0,9.8100004196167,0.0
1089,1713339365388,0.0,0.0,0.0
1090,1713339365388,0.0,9.8100004196167,0.0
1091,1713339365591,0.0,0.0,0.0
1092,1713339365591,0.0,9.8100004196167,0.0
1093,1713339365789,0.0,0.0,0.0
1094,1713339365789,0.0,9.8100004196167,0.0
1095,1713339365991,0.0,9.8100004196167,0.0
1096,1713339365990,0.0,0.0,0.0
1097,1713339366192,0.0,0.0,0.0
1098,1713339366192,0.0,9.8100004196167,0.0
1099,1713339366391,0.0,0.0,0.0
1100,1713339366392,0.0,9.8100004196167,0.0
1101,1713339366588,0.0,9.8100004196167,0.0
1102,1713339366588,0.0,0.0,0.0
1103,1713339366792,0.0,0.0,0.0
1104,1713339366792,0.0,9.8100004196167,0.0
1105,1713339366993,0.0,0.0,0.0
1106,1713339366993,0.0,9.8100004196167,0.0
1107,1713339367193,0.0,0.0,0.0
1108,1713339367194,0.0,9.8100004196167,0.0
1109,1713339367395,0.0,0.0,0.0
1110,1713339367396,0.0,9.8100004196167,0.0
1111,1713339367595,0.0,0.0,0.0
1112,1713339367596,0.0,9.8100004196167,0.0
1113,1713339367796,0.0,0.0,0.0
1114,1713339367796,0.0,9.8100004196167,0.0
1115,1713339367994,0.0,0.0,0.0
1116,1713339367994,0.0,9.8100004196167,0.0
1117,1713339368195,0.0,0.0,0.0
1118,1713339368196,0.0,9.8100004196167,0.0
1119,1713339368397,0.0,0.0,0.0
1120,1713339368397,0.0,9.8100004196167,0.0
1121,1713339368598,0.0,0.0,0.0
1122,1713339368598,0.0,9.8100004196167,0.0
1123,1713339368799,0.0,0.0,0.0
1124,1713339368800,0.0,9.8100004196167,0.0
1125,1713339369000,0.0,9.8100004196167,0.0
1126,1713339369000,0.0,0.0,0.0
1127,1713339369200,0.0,0.0,0.0
1128,1713339369201,0.0,9.8100004196167,0.0
1129,1713339369401,0.0,0.0,0.0
1130,1713339369401,0.0,9.8100004196167,0.0
1131,1713339369601,0.0,0.0,0.0
1132,1713339369601,0.0,9.8100004196167,0.0
1133,1713339369801,0.0,0.0,0.0
1134,1713339369801,0.0,9.8100004196167,0.0
1135,1713339370001,0.0,0.0,0.0
1136,1713339370001,0.0,9.8100004196167,0.0
1137,1713339370201,0.0,0.0,0.0
1138,1713339370201,0.0,9.8100004196167,0.0
1139,1713339370401,0.0,9.8100004196167,0.0
1140,1713339370401,0.0,0.0,0.0
1141,1713339370601,0.0,0.0,0.0
1142,1713339370601,0.0,9.8100004196167,0.0
1143,1713339370803,0.0,0.0,0.0
1144,1713339370804,0.0,9.8100004196167,0.0
1145,1713339371004,0.0,0.0,0.0
1146,1713339371005,0.0,9.8100004196167,0.0
1147,1713339371203,0.0,9.8100004196167,0.0
1148,1713339371203,0.0,0.0,0.0
1149,1713339371404,0.0,0.0,0.0
1150,1713339371404,0.0,9.8100004196167,0.0
1151,1713339371605,0.0,0.0,0.0
1152,1713339371605,0.0,9.8100004196167,0.0
1153,1713339371805,0.0,0.0,0.0
1154,1713339371806,0.0,9.8100004196167,0.0
1155,1713339372006,0.0,0.0,0.0
1156,1713339372007,0.0,9.8100004196167,0.0
1157,1713339372205,0.0,9.8100004196167,0.0
1158,1713339372205,0.0,0.0,0.0
1159,1713339372406,0.0,0.0,0.0
1160,1713339372407,0.0,9.8100004196167,0.0
1161,1713339372605,0.0,9.8100004196167,0.0
1162,1713339372605,0.0,0.0,0.0
1163,1713339372809,0.0,0.0,0.0
1164,1713339372809,0.0,9.8100004196167,0.0
1165,1713339373011,0.0,0.0,0.0
1166,1713339373011,0.0,9.8100004196167,0.0
1167,1713339373209,0.0,0.0,0.0
1168,1713339373210,0.0,9.8100004196167,0.0
1169,1713339373410,0.0,0.0,0.0
1170,1713339373410,0.0,9.8100004196167,0.0
1171,1713339373611,0.0,0.0,0.0
1172,1713339373612,0.0,9.8100004196167,0.0
1173,1713339373812,0.0,0.0,0.0
1174,1713339373813,0.0,9.8100004196167,0.0
1175,1713339374014,0.0,9.8100004196167,0.0
1176,1713339374013,0.0,0.0,0.0
1177,1713339374213,0.0,0.0,0.0
1178,1713339374214,0.0,9.8100004196167,0.0
1179,1713339374415,0.0,0.0,0.0
1180,1713339374417,0.0,9.8100004196167,0.0
1181,1713339374615,0.0,9.8100004196167,0.0
1182,1713339374615,0.0,0.0,0.0
1183,1713339374817,0.0,9.8100004196167,0.0
1184,1713339374816,0.0,0.0,0.0
1185,1713339375016,0.0,0.0,0.0
1186,1713339375016,0.0,9.8100004196167,0.0
1187,1713339375218,0.0,0.0,0.0
1188,1713339375219,0.0,9.8100004196167,0.0
1189,1713339375417,0.0,9.8100004196167,0.0
1190,1713339375417,0.0,0.0,0.0
1191,1713339375617,0.0,0.0,0.0
1192,1713339375618,0.0,9.8100004196167,0.0
1193,1713339375818,0.0,0.0,0.666734993457794
1194,1713339375819,3.64216995239258,9.10883045196533,0.0
1195,1713339376019,0.0,0.0,0.584061980247498
1196,1713339376020,5.38021993637085,8.20300960540772,0.0
1197,1713339376218,5.45726013183594,8.15196037292481,0.0
1198,1713339376218,0.0,0.0,0.0
1199,1713339376420,0.0,0.0,0.0
1200,1713339376420,5.45726013183594,8.15196037292481,0.0
1201,1713339376622,0.0,0.0,0.0
1202,1713339376622,5.45726013183594,8.15196037292481,0.0
1203,1713339376821,0.0,0.0,0.0
1204,1713339376821,5.45726013183594,8.15196037292481,0.0
1205,1713339377021,0.0,0.0,0.0
1206,1713339377022,5.45726013183594,8.15196037292481,0.0
1207,1713339377223,0.0,0.0,0.0
1208,1713339377223,5.45726013183594,8.15196037292481,0.0
1209,1713339377423,5.45726013183594,8.15196037292481,0.0
1210,1713339377423,0.0,0.0,0.0
1211,1713339377626,5.45726013183594,8.15196037292481,0.0
1212,1713339377625,0.0,0.0,0.0
1213,1713339377825,5.45726013183594,8.15196037292481,0.0
1214,1713339377824,0.0,0.0,0.0
1215,1713339378026,0.0,0.0,0.0
1216,1713339378026,5.45726013183594,8.15196037292481,0.0
1217,1713339378226,0.0,0.0,0.0
1218,1713339378226,5.45726013183594,8.15196037292481,0.0
1219,1713339378428,0.0,0.0,0.0
1220,1713339378429,5.11830997467041,7.6456298828125,-3.40343999862671
1221,1713339378629,1.49263000488281,-0.999231994152069,-6.55650978842459e-07
1222,1713339378629,3.36887001991272,5.0323600769043,-7.71764993667603
1223,1713339378828,0.0,0.0,0.0
1224,1713339378829,2.85140991210937,4.25938987731934,-8.36439990997314
1225,1713339379030,0.0,0.0,0.0
1226,1713339379030,2.85140991210937,4.25938987731934,-8.36439990997314
1227,1713339379231,0.0,0.0,0.0
1228,1713339379231,2.85140991210937,4.25938987731934,-8.36439990997314
1229,1713339379436,0.0,0.0,0.0
1230,1713339379436,2.85140991210937,4.25938987731934,-8.36439990997314
1231,1713339379633,2.85140991210937,4.25938987731934,-8.36439990997314
1232,1713339379633,0.0,0.0,0.0
1233,1713339379834,2.85140991210937,4.25938987731934,-8.36439990997314
1234,1713339379833,0.0,0.0,0.0
1235,1713339380034,5.92214012145996,2.20371007919312,-7.50387001037598
1236,1713339380034,2.4530200958252,3.66428995132446,-9.53673975345737e-07
1237,1713339380233,1.99433994293213,2.9791100025177,4.76836987672868e-07
1238,1713339380233,9.58508968353272,-0.248417004942894,-2.07375001907349
1239,1713339380459,0.0,0.0,0.0
1240,1713339380459,9.75319957733154,-0.360958009958267,0.990378975868225
1241,1713339380646,0.0,0.0,0.0
1242,1713339380647,9.75319957733154,-0.360958009958267,0.990378975868225
1243,1713339380850,0.0,0.0,0.0
1244,1713339380851,9.75319957733154,-0.360958009958267,0.990378975868225
1245,1713339381056,0.0,0.0,0.0
1246,1713339381058,9.75319957733154,-0.360958009958267,0.990378975868225
1247,1713339381280,1.90734999705455e-06,9.47714033827651e-06,-3.02735996246338
1248,1713339381280,9.50736045837402,2.20573997497559,0.990370988845825
1249,1713339381448,4.76836987672868e-07,-5.36441973508772e-07,-4.52603006362915
1250,1713339381449,5.46042013168335,8.08944034576416,0.990378022193909
1251,1713339381650,-1.73476004600525,9.60447025299072,0.990378022193909
1252,1713339381650,0.0,-1.13248995603499e-06,-3.02172994613647
1253,1713339381852,-5.44077014923096,8.10266971588135,0.990378975868225
1254,1713339381852,0.0,0.0,0.0
1255,1713339382053,0.0,0.0,0.0
1256,1713339382053,-5.44077014923096,8.10266971588135,0.990378975868225
1257,1713339382188,0.0,0.0,0.0
1258,1713339382188,-5.44077014923096,8.10266971588135,0.990378975868225
1259,1713339382412,0.0,0.0,0.0
1260,1713339382413,-5.44077014923096,8.10266971588135,0.990378975868225
1261,1713339382581,0.0,0.0,0.0
1262,1713339382583,-5.44077014923096,8.10266971588135,0.990378975868225
1263,1713339382784,0.0,0.0,0.0
1264,1713339382784,-5.75011014938355,7.88914012908936,0.966351985931397
1265,1713339382984,-0.00821626000106335,0.213844001293182,-1.7946799993515
1266,1713339382984,-7.54047012329102,6.22691011428833,0.77648401260376
1267,1713339383243,0.0,0.0,0.0
1268,1713339383243,-9.4385404586792,2.64976000785828,0.358936995267868
1269,1713339383444,0.0,0.0,0.0
1270,1713339383444,-9.4385404586792,2.64976000785828,0.358936995267868
1271,1713339383647,0.0,0.0,0.0
1272,1713339383648,-9.4385404586792,2.64976000785828,0.358936995267868
1273,1713339383839,0.0,0.0,0.0
1274,1713339383839,-9.4385404586792,2.64976000785828,0.358936995267868
1275,1713339384043,0.0,0.0,0.0
1276,1713339384045,-9.4385404586792,2.64976000785828,0.358936995267868
1277,1713339384235,0.0,0.0,0.0
1278,1713339384235,-9.4385404586792,2.64976000785828,0.358936995267868
1279,1713339384431,0.0,0.0,0.0
1280,1713339384432,-9.4385404586792,2.64976000785828,0.358936995267868
1281,1713339384632,-2.89584994316101,-0.111250996589661,-3.57628005076549e-06
1282,1713339384633,-9.43400955200195,2.53179001808166,0.908635973930359
1283,1713339384832,0.0,0.0,0.0
1284,1713339384832,-9.42870998382568,2.39391994476318,1.26674997806549
1285,1713339385032,0.0,0.0,0.0
1286,1713339385032,-9.42870998382568,2.39391994476318,1.26674997806549
1287,1713339385231,0.0,0.0,0.0
1288,1713339385232,-9.42870998382568,2.39391994476318,1.26674997806549
1289,1713339385433,0.0,0.0,0.0
1290,1713339385433,-9.42870998382568,2.39391994476318,1.26674997806549
1291,1713339385635,0.0,0.0,0.0
1292,1713339385635,-9.42870998382568,2.39391994476318,1.26674997806549
1293,1713339385839,0.0,0.0,0.0
1294,1713339385840,-9.42870998382568,2.39391994476318,1.26674997806549
1295,1713339386037,0.0,0.0,0.0
1296,1713339386037,-9.42870998382568,2.39391994476318,1.26674997806549
1297,1713339386240,-9.42870998382568,2.39391994476318,1.26674997806549
1298,1713339386239,0.0,0.0,0.0
1299,1713339386435,0.0442504994571209,-1.15191996097565,2.5063099861145
1300,1713339386435,-8.77834033966064,3.91812992095947,1.95580995082855
1301,1713339386635,0.0404679998755455,-1.05334997177124,2.29184007644653
1302,1713339386635,-5.22690010070801,7.50758981704712,3.54285001754761
1303,1713339386835,0.0107418997213244,-0.279608994722366,0.608353972434998
1304,1713339386835,-0.43842801451683,8.90176963806152,4.09908008575439
1305,1713339387035,0.0,0.0,0.0
1306,1713339387035,-0.34213200211525,8.90590000152588,4.09927988052368
1307,1713339387235,0.0,0.0,0.0
1308,1713339387235,-0.34213200211525,8.90590000152588,4.09927988052368
1309,1713339387435,0.0,0.0,0.0
1310,1713339387436,-0.34213200211525,8.90590000152588,4.09927988052368
1311,1713339387713,0.0,0.0,0.0
1312,1713339387713,-0.34213200211525,8.90590000152588,4.09927988052368
1313,1713339387831,-1.19209005333687e-06,3.57628010760891e-07,-3.54881000518799
1314,1713339387831,-4.88149976730347,7.45673990249634,4.09927988052368
1315,1713339388027,4.76836987672868e-07,1.19209005333687e-06,-4.43206977844238
1316,1713339388027,-8.70493984222412,1.91208004951477,4.09927988052368
1317,1713339388227,-2.98022996503278e-06,-1.37091001306544e-06,-1.47625005245209
1318,1713339388227,-7.79544019699097,-4.3200798034668,4.09926986694336
1319,1713339388428,0.0,0.0,0.0
1320,1713339388428,-7.59913015365601,-4.65675020217896,4.09927988052368
1321,1713339388705,0.0,0.0,0.0
1322,1713339388705,-7.59913015365601,-4.65675020217896,4.09927988052368
1323,1713339388937,0.0,0.0,0.0
1324,1713339388937,-7.59913015365601,-4.65675020217896,4.09927988052368
1325,1713339389091,0.0,0.0,0.0
1326,1713339389095,-7.59913015365601,-4.65675020217896,4.09927988052368
1327,1713339389291,0.0,0.0,0.0
1328,1713339389291,-7.59913015365601,-4.65675020217896,4.09927988052368
1329,1713339389491,0.0,0.0,0.0
1330,1713339389491,-7.59913015365601,-4.65675020217896,4.09927988052368
1331,1713339389692,2.49798989295959,-4.07631015777588,9.53673975345737e-07
1332,1713339389692,-6.32159996032715,-3.87389993667603,6.42389011383057
1333,1713339389892,4.15705013275147,-6.7836799621582,-4.76836987672868e-07
1334,1713339389892,4.49414014816284,2.75400996208191,8.27371025085449
1335,1713339390092,3.61574006080627,-5.90035009384155,2.38419011111546e-06
1336,1713339390093,7.23817014694214,4.43556022644043,-4.91636991500855
1337,1713339390292,0.0,0.0,0.0
1338,1713339390292,3.50847005844116,2.14999008178711,-8.90530014038086
1339,1713339390493,0.0,0.0,0.0
1340,1713339390493,3.50847005844116,2.14999008178711,-8.90530014038086
1341,1713339390694,0.0,0.0,0.0
1342,1713339390694,3.50847005844116,2.14999008178711,-8.90530014038086
1343,1713339390894,0.0,0.0,0.0
1344,1713339390894,3.50847005844116,2.14999008178711,-8.90530014038086
1345,1713339391095,0.0,0.0,0.0
1346,1713339391095,3.50847005844116,2.14999008178711,-8.90530014038086
1347,1713339391294,0.0,0.0,0.0
1348,1713339391294,3.50847005844116,2.14999008178711,-8.90530014038086
1349,1713339391495,0.0,0.0,0.0
1350,1713339391496,3.50847005844116,2.14999008178711,-8.90530014038086
1351,1713339391695,0.0,0.0,0.0
1352,1713339391695,3.50847005844116,2.14999008178711,-8.90530014038086
1353,1713339391895,0.0,0.0,0.0
1354,1713339391895,3.50847005844116,2.14999008178711,-8.90530014038086
1355,1713339392095,0.0,0.0,0.0
1356,1713339392096,3.50847005844116,2.14999008178711,-8.90530014038086
1357,1713339392295,0.0,0.0,0.0
1358,1713339392295,3.50847005844116,2.14999008178711,-8.90530014038086
1359,1713339392495,0.0,0.0,0.0
1360,1713339392495,3.50847005844116,2.14999008178711,-8.90530014038086
1361,1713339392695,0.0,0.0,0.0
1362,1713339392695,3.50847005844116,2.14999008178711,-8.90530014038086
1363,1713339392895,-3.21864990837639e-06,1.66893005371094e-06,2.40436005592346
1364,1713339392895,4.04261016845703,0.767507970333099,-8.90530014038086
1365,1713339393095,-5.96045993006555e-07,-7.15256021521782e-07,3.77223992347717
1366,1713339393095,3.64759993553162,-1.90442001819611,-8.90530014038086
1367,1713339393296,1.78814005380445e-07,9.53673975345737e-07,2.20602989196777
1368,1713339393297,2.07524991035461,-3.55318999290466,-8.90530014038086
1369,1713339393496,1.5137899936235e-05,-4.11627988796681e-05,0.00388840003870428
1370,1713339393496,1.11347997188568,-3.96130990982056,-8.90530014038086
1371,1713339393696,0.0,0.0,0.0
1372,1713339393696,1.11346995830536,-3.96130990982056,-8.90530014038086
1373,1713339393896,0.0,0.0,0.0
1374,1713339393896,1.11346995830536,-3.96130990982056,-8.90530014038086
1375,1713339394097,0.0,0.0,0.0
1376,1713339394097,1.11346995830536,-3.96130990982056,-8.90530014038086
1377,1713339394297,0.0,0.0,0.0
1378,1713339394297,1.11346995830536,-3.96130990982056,-8.90530014038086
1379,1713339394497,-1.03736996650696,3.69057011604309,-1.77137005329132
1380,1713339394497,6.55801010131836,-1.57574999332428,-7.12360000610352
1381,1713339394698,-0.117302000522614,0.417337000370026,-0.200308993458748
1382,1713339394698,9.13411998748779,0.905982971191406,-3.46165990829468
1383,1713339394897,0.0,0.0,0.0
1384,1713339394897,9.15122985839844,0.936592996120453,-3.40791010856628
1385,1713339395099,0.0,0.0,0.0
1386,1713339395099,9.15122985839844,0.936592996120453,-3.40791010856628
1387,1713339395304,0.0,0.0,0.0
1388,1713339395304,9.15122985839844,0.936592996120453,-3.40791010856628
1389,1713339395501,9.15122985839844,0.936592996120453,-3.40791010856628
1390,1713339395501,0.0,0.0,0.0
1391,1713339395701,5.28462982177734,1.48544001579285,2.86101999336097e-06
1392,1713339395701,9.65147018432617,-0.843069016933441,-1.54092001914978
1393,1713339395902,4.69558000564575,1.31985998153687,3.57628010760891e-07
1394,1713339395902,9.41226005554199,0.00795077998191118,2.76502990722656
1395,1713339396119,0.0,0.0,0.0
1396,1713339396119,9.18632030487061,0.811770021915436,3.34494996070862
1397,1713339396303,3.78576993942261,1.06412994861603,2.14576994039817e-06
1398,1713339396303,8.65491962432861,2.70229005813599,3.74515008926392
1399,1713339396504,0.0234609004110098,0.00659873988479376,2.01873008336406e-05
1400,1713339396504,8.22803020477295,4.22100019454956,3.27396011352539
1401,1713339396705,0.0,0.0,0.0
1402,1713339396706,8.22797966003418,4.2211799621582,3.27385997772217
1403,1713339396904,0.0,0.0,0.0
1404,1713339396904,8.22797966003418,4.2211799621582,3.27385997772217
1405,1713339397105,0.0,0.0,0.0
1406,1713339397105,8.22797966003418,4.2211799621582,3.27385997772217
1407,1713339397306,0.0,0.0,0.0
1408,1713339397306,8.22797966003418,4.2211799621582,3.27385997772217
1409,1713339397507,0.0,0.0,0.0
1410,1713339397507,8.22797966003418,4.2211799621582,3.27385997772217
1411,1713339397708,0.0,0.0,0.0
1412,1713339397708,8.22797966003418,4.2211799621582,3.27385997772217
1413,1713339397907,0.0,0.0,0.0
1414,1713339397907,8.22797966003418,4.2211799621582,3.27385997772217
1415,1713339398107,0.0,0.0,0.0
1416,1713339398107,8.22797966003418,4.2211799621582,3.27385997772217
1417,1713339398308,0.0,0.0,0.0
1418,1713339398308,8.22797966003418,4.2211799621582,3.27385997772217
1419,1713339398509,0.0,0.0,0.0
1420,1713339398509,8.22797966003418,4.2211799621582,3.27385997772217
1421,1713339398711,0.0,0.0,0.0
1422,1713339398711,8.22797966003418,4.2211799621582,3.27385997772217
1423,1713339398912,0.0,0.0,0.0
1424,1713339398912,8.22797966003418,4.2211799621582,3.27385997772217
1425,1713339399112,0.0,0.0,0.0
1426,1713339399112,8.22797966003418,4.2211799621582,3.27385997772217
1427,1713339399313,0.893212020397186,-3.17770004272461,1.85234999656677
1428,1713339399313,9.4802303314209,1.47014999389648,-2.04938006401062
1429,1713339399516,0.264512002468109,-0.941026985645294,0.548534989356995
1430,1713339399516,7.004469871521,-1.88162994384766,-6.60551977157593
1431,1713339399715,0.0,0.0,0.0
1432,1713339399715,6.86116981506348,-1.99039995670319,-6.72301006317139
1433,1713339399918,0.0,0.0,0.0
1434,1713339399918,6.86116981506348,-1.99039995670319,-6.72301006317139
1435,1713339400118,0.0,0.0,0.0
1436,1713339400118,6.86116981506348,-1.99039995670319,-6.72301006317139
1437,1713339400319,0.0,0.0,0.0
1438,1713339400320,6.86116981506348,-1.99039995670319,-6.72301006317139
1439,1713339400520,0.0,0.0,0.0
1440,1713339400520,6.86116981506348,-1.99039995670319,-6.72301006317139
1441,1713339400723,1.1920899822826e-07,-4.76836987672868e-07,-3.73298001289368
1442,1713339400723,6.94618988037109,1.66966998577118,-6.72300004959106
1443,1713339400920,3.5966899394989,6.17260980606079,-6.72301006317139
1444,1713339400920,2.38419005427204e-07,4.76836987672868e-07,-4.12264013290405
1445,1713339401119,0.0,0.0,0.0
1446,1713339401121,0.892569005489349,7.08805990219116,-6.72300004959106
1447,1713339401322,0.0,0.0,0.0
1448,1713339401322,0.892569005489349,7.08805990219116,-6.72300004959106
1449,1713339401522,0.0,0.0,0.0
1450,1713339401523,0.892569005489349,7.08805990219116,-6.72300004959106
1451,1713339401723,0.0,0.0,0.0
1452,1713339401723,0.892569005489349,7.08805990219116,-6.72300004959106
1453,1713339401923,0.892569005489349,7.08805990219116,-6.72300004959106
1454,1713339401923,0.0,0.0,0.0
1455,1713339402125,0.4254429936409,7.51840019226074,-6.28718996047974
1456,1713339402124,0.0,0.0,0.0
1457,1713339402325,-0.647718012332916,-0.297921985387802,-0.400083005428314
1458,1713339402325,-0.814405024051666,8.42665004730225,-4.95626020431519
1459,1713339402521,0.0,0.0,0.0
1460,1713339402522,-1.67235994338989,8.85181999206543,-3.88388991355896
1461,1713339402723,0.0,0.0,0.0
1462,1713339402724,-1.67235994338989,8.85181999206543,-3.88388991355896
1463,1713339402925,0.0,0.0,0.0
1464,1713339402925,-1.67235994338989,8.85181999206543,-3.88388991355896
1465,1713339403125,-2.64177989959717,8.40594005584717,-4.31245994567871
1466,1713339403125,1.30095994472504,-2.8284900188446,-1.07287996797822e-06
1467,1713339403326,0.400817006826401,-0.8714399933815,-3.87429992088073e-07
1468,1713339403326,-4.61700010299683,7.49743986129761,-4.32526016235352
1469,1713339403526,0.0,0.0,0.0
1470,1713339403526,-4.74737977981567,7.43746995925903,-4.28748989105225
1471,1713339403729,-4.74737977981567,7.43746995925903,-4.28748989105225
1472,1713339403729,0.0,0.0,0.0
1473,1713339403925,0.0,0.0,0.0
1474,1713339403925,-4.74737977981567,7.43746995925903,-4.28748989105225
1475,1713339404128,2.98022992950564e-08,0.0,1.79563999176025
1476,1713339404128,-3.28835010528564,8.18780994415283,-4.28748989105225
1477,1713339404326,-1.1920899822826e-07,-4.76836987672868e-07,6.13373994827271
1478,1713339404326,5.22254991531372,7.1118597984314,-4.28748989105225
1479,1713339404528,8.81727027893066,0.330711990594864,-4.28748989105225
1480,1713339404527,1.93715004570549e-06,4.4703501771437e-06,1.09750998020172
1481,1713339404729,0.0,0.0,0.0
1482,1713339404731,8.82198047637939,0.161735996603966,-4.28748989105225
1483,1713339404931,8.82198047637939,0.161735996603966,-4.28748989105225
1484,1713339404931,0.0,0.0,0.0
1485,1713339405192,0.0,0.0,0.0
1486,1713339405192,9.36135959625244,-0.290151000022888,-2.91835999488831
1487,1713339405330,1.08301997184753,9.08250045776367,2.57105994224548
1488,1713339405331,6.50474977493286,-2.7078800201416,6.82580995559692
1489,1713339405529,0.749485015869141,6.28535985946655,1.77925002574921
1490,1713339405529,-7.60797023773193,-0.830124974250793,6.13724994659424
1491,1713339405731,0.0,0.0,0.0
1492,1713339405732,-9.70969009399414,0.841268002986908,1.11820995807648
1493,1713339405932,0.0,0.0,0.0
1494,1713339405932,-9.70969009399414,0.841268002986908,1.11820995807648
1495,1713339406132,0.0,0.0,0.0
1496,1713339406132,-9.70969009399414,0.841268002986908,1.11820995807648
1497,1713339406333,0.0,0.0,0.0
1498,1713339406333,-9.70969009399414,0.841268002986908,1.11820995807648
1499,1713339406534,1.02578997612,-0.122317999601364,9.01520024854108e-07
1500,1713339406534,-9.67619037628174,1.12215995788574,1.16112005710602
1501,1713339406733,3.23271989822388,-0.385475009679794,2.08616000918482e-07
1502,1713339406734,-9.57744026184082,1.9502899646759,0.839690983295441
1503,1713339406934,0.0,0.0,0.0
1504,1713339406934,-9.56439018249512,2.05976009368896,0.718307971954346
1505,1713339407134,0.0,0.0,0.0
1506,1713339407135,-9.56439018249512,2.05976009368896,0.718307971954346
1507,1713339407335,0.0,0.0,0.0
1508,1713339407335,-9.56439018249512,2.05976009368896,0.718307971954346
1509,1713339407539,-9.56439018249512,2.05976009368896,0.718307971954346
1510,1713339407538,0.0,0.0,0.0
1511,1713339407739,0.0,0.0,0.0
1512,1713339407741,-9.56439018249512,2.05976009368896,0.718307971954346
1513,1713339407940,0.0,0.0,0.0
1514,1713339407941,-9.56439018249512,2.05976009368896,0.718307971954346
1515,1713339408142,-9.78258037567139,0.1457239985466,0.718307971954346
1516,1713339408142,0.0,0.0,0.0
1517,1713339408341,-9.53673975345737e-07,-7.74859984176146e-07,-5.92708015441895
1518,1713339408342,-6.60628986358643,-7.21644020080566,0.718307971954346
1519,1713339408648,0.0,0.0,0.0
1520,1713339408649,0.622258007526398,-9.76385974884033,0.718308985233307
1521,1713339408851,0.0,0.0,0.0
1522,1713339408857,1.38639998435974,-9.68494033813477,0.718308985233307
1523,1713339409050,0.0,0.0,0.0
1524,1713339409050,1.38639998435974,-9.68494033813477,0.718308985233307
1525,1713339409250,1.38639998435974,-9.68494033813477,0.718308985233307
1526,1713339409250,0.0,0.0,0.0
1527,1713339409459,3.76085996627808,0.902902007102966,4.91499996185303
1528,1713339409461,-5.21715021133423,-6.49138021469116,5.1845498085022
1529,1713339409656,4.88825988769531,1.17357003688812,6.38837003707886
1530,1713339409656,-6.2593297958374,6.65873003005981,3.56627988815308
1531,1713339409854,3.06194996833801,0.735107004642487,4.00160980224609
1532,1713339409854,3.9342999458313,7.81010007858276,-4.44518995285034
1533,1713339410057,5.63952016830444,5.93413019180298,-5.40537023544312
1534,1713339410057,0.0,0.0,0.0
1535,1713339410255,0.0,0.0,0.0
1536,1713339410255,5.63952016830444,5.93413019180298,-5.40537023544312
1537,1713339410456,0.0,0.0,0.0
1538,1713339410456,5.63952016830444,5.93413019180298,-5.40537023544312
1539,1713339410658,0.0,0.0,0.0
1540,1713339410658,5.63952016830444,5.93413019180298,-5.40537023544312
1541,1713339410858,0.0,0.0,0.0
1542,1713339410859,5.63952016830444,5.93413019180298,-5.40537023544312
1543,1713339411058,0.0,0.0,0.0
1544,1713339411060,5.63952016830444,5.93413019180298,-5.40537023544312
1545,1713339411258,0.0,0.0,0.0
1546,1713339411259,5.63952016830444,5.93413019180298,-5.40537023544312
1547,1713339411461,0.107966996729374,-0.449678987264633,-2.32458000937186e-06
1548,1713339411462,2.78909993171692,5.24980020523071,-7.80362987518311
1549,1713339411660,0.322982996702194,-1.34532999992371,-1.19209005333687e-06
1550,1713339411660,-1.02250003814697,4.33472013473511,-8.74075984954834
1551,1713339411859,0.814597010612488,-3.39304995536804,1.43050999668048e-06
1552,1713339411859,-5.458740234375,3.26967000961304,-7.46643018722534
1553,1713339412061,0.0,0.0,0.0
1554,1713339412061,-6.80354022979736,2.94681000709534,-6.42371988296509
1555,1713339412262,-6.80354022979736,2.94681000709534,-6.42371988296509
1556,1713339412261,0.0,0.0,0.0
1557,1713339412464,0.0,0.0,0.0
1558,1713339412465,-6.80354022979736,2.94681000709534,-6.42371988296509
1559,1713339412665,-6.80354022979736,2.94681000709534,-6.42371988296509
1560,1713339412663,0.0,0.0,0.0
1561,1713339412864,0.0,0.0,0.0
1562,1713339412865,-6.4067702293396,3.73165011405945,-6.42371988296509
1563,1713339413063,4.76836987672868e-07,2.38419005427204e-07,4.60157012939453
1564,1713339413064,-2.57486009597778,6.95283985137939,-6.42371988296509
1565,1713339413262,0.0,2.38419005427204e-07,3.23719000816345
1566,1713339413263,2.30958008766174,7.04541015625,-6.42371988296509
1567,1713339413464,3.73165011405945,6.4067702293396,-6.42371988296509
1568,1713339413464,0.0,0.0,0.0
1569,1713339413665,3.73165011405945,6.4067702293396,-6.42371988296509
1570,1713339413664,0.0,0.0,0.0
1571,1713339413865,3.73165011405945,6.4067702293396,-6.42371988296509
1572,1713339413865,0.0,0.0,0.0
1573,1713339414064,0.0,0.0,0.0
1574,1713339414065,3.73165011405945,6.4067702293396,-6.42371988296509
1575,1713339414264,-1.63913000506e-07,1.63913000506e-07,-0.206057995557785
1576,1713339414264,2.39742994308472,7.01599979400635,-6.42371988296509
1577,1713339414463,0.0,-4.76836987672868e-07,-5.99665021896362
1578,1713339414463,-3.35335993766785,6.61262989044189,-6.42371988296509
1579,1713339414666,-7.29685020446777,1.31446003913879,-6.42371988296509
1580,1713339414666,0.0,-2.38419005427204e-07,-1.69368994235992
1581,1713339414868,0.0,0.0,0.0
1582,1713339414868,-7.34711980819702,0.99583101272583,-6.42371988296509
1583,1713339415068,0.0,0.0,0.0
1584,1713339415069,-7.34711980819702,0.99583101272583,-6.42371988296509
1585,1713339415269,-7.34711980819702,0.99583101272583,-6.42371988296509
1586,1713339415268,0.0,0.0,0.0
1587,1713339415470,-7.42562007904053,4.30928993225098,-4.74619007110596
1588,1713339415470,-1.66912996768951,-0.932844996452332,1.7644499540329
1589,1713339415670,-4.93039989471436,8.47906017303467,-0.181260004639626
1590,1713339415669,-0.771287024021149,-0.431057006120682,0.815340995788574
1591,1713339415872,0.0,0.0,0.0
1592,1713339415872,-4.7859001159668,8.56336975097656,-1.1920899822826e-07
1593,1713339416073,0.0,0.0,0.0
1594,1713339416074,-4.7859001159668,8.56336975097656,-1.1920899822826e-07
1595,1713339416271,0.0,0.0,0.0
1596,1713339416271,-4.7859001159668,8.56336975097656,-1.1920899822826e-07
1597,1713339416470,0.0,0.0,0.0
1598,1713339416470,-4.7859001159668,8.56336975097656,-1.1920899822826e-07
1599,1713339416674,0.0,0.0,0.0
1600,1713339416675,-4.7859001159668,8.56336975097656,-1.1920899822826e-07
1601,1713339416874,-2.47094988822937,4.42123985290527,1.1771900290114e-06
1602,1713339416874,-4.7859001159668,8.56336975097656,-3.27826001011999e-07
1603,1713339417074,0.0,0.0,0.0
1604,1713339417075,-4.7859001159668,8.56336975097656,-1.1920899822826e-07
1605,1713339417277,-4.7859001159668,8.56336975097656,-1.1920899822826e-07
1606,1713339417277,0.0,0.0,0.0
1607,1713339417477,0.0,0.0,0.0
1608,1713339417477,-4.7859001159668,8.56336975097656,-1.1920899822826e-07
1609,1713339417678,0.0,0.0,0.0
1610,1713339417679,-4.7859001159668,8.56336975097656,-1.1920899822826e-07
1611,1713339417880,0.0,0.0,0.0
1612,1713339417881,-4.7859001159668,8.56336975097656,-1.1920899822826e-07
1613,1713339418081,-4.7859001159668,8.56336975097656,-1.1920899822826e-07
1614,1713339418081,0.0,0.0,0.0
1615,1713339418281,0.0,0.0,0.0
1616,1713339418282,-4.7859001159668,8.56336975097656,-1.1920899822826e-07
1617,1713339418482,0.0,0.0,0.0
1618,1713339418482,-4.7859001159668,8.56336975097656,-1.1920899822826e-07
1619,1713339418681,0.0,0.0,0.0
1620,1713339418682,-4.7859001159668,8.56336975097656,-1.1920899822826e-07
1621,1713339418882,0.0,0.0,0.0
1622,1713339418882,-4.7859001159668,8.56336975097656,-1.1920899822826e-07
1623,1713339419082,0.0,0.0,0.0
1624,1713339419083,-4.7859001159668,8.56336975097656,-1.1920899822826e-07
1625,1713339419283,0.0,0.0,0.0
1626,1713339419283,-4.7859001159668,8.56336975097656,-1.1920899822826e-07
1627,1713339419484,0.0,0.0,0.0
1628,1713339419486,-4.7859001159668,8.56336975097656,-1.1920899822826e-07
1629,1713339419686,0.0,0.0,0.0
1630,1713339419686,-4.7859001159668,8.56336975097656,-1.1920899822826e-07
1631,1713339419887,-4.7859001159668,8.56336975097656,-1.1920899822826e-07
1632,1713339419886,0.0,0.0,0.0
1633,1713339420088,0.0,0.0,0.0
1634,1713339420088,-4.7859001159668,8.56336975097656,-1.1920899822826e-07
1635,1713339420287,0.0,0.0,0.0
